INSERT INTO public."GcpRegion" (region) VALUES('asia-east1');
INSERT INTO public."GcpRegion" (region) VALUES('asia-east2');
INSERT INTO public."GcpRegion" (region) VALUES('asia-northeast1');
INSERT INTO public."GcpRegion" (region) VALUES('asia-northeast2');
INSERT INTO public."GcpRegion" (region) VALUES('asia-northeast3');
INSERT INTO public."GcpRegion" (region) VALUES('asia-south1');
INSERT INTO public."GcpRegion" (region) VALUES('asia-south2');
INSERT INTO public."GcpRegion" (region) VALUES('asia-southeast1');
INSERT INTO public."GcpRegion" (region) VALUES('asia-southeast2');
INSERT INTO public."GcpRegion" (region) VALUES('australia-southeast1');
INSERT INTO public."GcpRegion" (region) VALUES('australia-southeast2');
INSERT INTO public."GcpRegion" (region) VALUES('europe-central2');
INSERT INTO public."GcpRegion" (region) VALUES('europe-north1');
INSERT INTO public."GcpRegion" (region) VALUES('europe-southwest1');
INSERT INTO public."GcpRegion" (region) VALUES('europe-west1');
INSERT INTO public."GcpRegion" (region) VALUES('europe-west2');
INSERT INTO public."GcpRegion" (region) VALUES('europe-west3');
INSERT INTO public."GcpRegion" (region) VALUES('europe-west4');
INSERT INTO public."GcpRegion" (region) VALUES('europe-west6');
INSERT INTO public."GcpRegion" (region) VALUES('europe-west8');
INSERT INTO public."GcpRegion" (region) VALUES('europe-west9');
INSERT INTO public."GcpRegion" (region) VALUES('northamerica-northeast1');
INSERT INTO public."GcpRegion" (region) VALUES('northamerica-northeast2');
INSERT INTO public."GcpRegion" (region) VALUES('southamerica-east1');
INSERT INTO public."GcpRegion" (region) VALUES('southamerica-west1');
INSERT INTO public."GcpRegion" (region) VALUES('us-central1');
INSERT INTO public."GcpRegion" (region) VALUES('us-east1');
INSERT INTO public."GcpRegion" (region) VALUES('us-east4');
INSERT INTO public."GcpRegion" (region) VALUES('us-east5');
INSERT INTO public."GcpRegion" (region) VALUES('us-south1');
INSERT INTO public."GcpRegion" (region) VALUES('us-west1');
INSERT INTO public."GcpRegion" (region) VALUES('us-west2');
INSERT INTO public."GcpRegion" (region) VALUES('us-west3');
INSERT INTO public."GcpRegion" (region) VALUES('us-west4');

INSERT INTO public."GcpComputeEngine" (region, image, machine_type, core, ram, price_per_hour) VALUES('us-central1', 'Linux', 'e2-standard-2', 2, 8, 0.067006);
INSERT INTO public."GcpComputeEngine" (region, image, machine_type, core, ram, price_per_hour) VALUES('us-central1', 'Linux', 'e2-standard-4', 4, 16, 0.134012);
INSERT INTO public."GcpComputeEngine" (region, image, machine_type, core, ram, price_per_hour) VALUES('us-central1', 'Linux', 'e2-standard-8', 8, 32, 0.268024);
INSERT INTO public."GcpComputeEngine" (region, image, machine_type, core, ram, price_per_hour) VALUES('us-central1', 'Linux', 'e2-standard-16', 16, 64, 0.536048);
INSERT INTO public."GcpComputeEngine" (region, image, machine_type, core, ram, price_per_hour) VALUES('us-central1', 'Linux', 'e2-standard-32', 32, 128, 1.072096);

INSERT INTO public."GcpComputeEngine" (region, image, machine_type, core, ram, price_per_hour) VALUES('us-west2', 'Linux', 'e2-standard-2', 2, 8, 0.080486);
INSERT INTO public."GcpComputeEngine" (region, image, machine_type, core, ram, price_per_hour) VALUES('us-west2', 'Linux', 'e2-standard-4', 4, 16, 0.160972);
INSERT INTO public."GcpComputeEngine" (region, image, machine_type, core, ram, price_per_hour) VALUES('us-west2', 'Linux', 'e2-standard-8', 8, 32, 0.321944);
INSERT INTO public."GcpComputeEngine" (region, image, machine_type, core, ram, price_per_hour) VALUES('us-west2', 'Linux', 'e2-standard-16', 16, 64, 0.643888);
INSERT INTO public."GcpComputeEngine" (region, image, machine_type, core, ram, price_per_hour) VALUES('us-west2', 'Linux', 'e2-standard-32', 32, 128, 1.287776);

INSERT INTO public."GcpComputeEngine" (region, image, machine_type, core, ram, price_per_hour) VALUES('us-south1', 'Linux', 'e2-standard-2', 2, 8, 0.079076);
INSERT INTO public."GcpComputeEngine" (region, image, machine_type, core, ram, price_per_hour) VALUES('us-south1', 'Linux', 'e2-standard-4', 4, 16, 0.158152);
INSERT INTO public."GcpComputeEngine" (region, image, machine_type, core, ram, price_per_hour) VALUES('us-south1', 'Linux', 'e2-standard-8', 8, 32, 0.316304);
INSERT INTO public."GcpComputeEngine" (region, image, machine_type, core, ram, price_per_hour) VALUES('us-south1', 'Linux', 'e2-standard-16', 16, 64, 0.632608);
INSERT INTO public."GcpComputeEngine" (region, image, machine_type, core, ram, price_per_hour) VALUES('us-south1', 'Linux', 'e2-standard-32', 32, 128, 1.265216);

INSERT INTO public."AzureRegion" (region) VALUES('Brazil South');
INSERT INTO public."AzureRegion" (region) VALUES('Canada Central');
INSERT INTO public."AzureRegion" (region) VALUES('Central US');
INSERT INTO public."AzureRegion" (region) VALUES('East US');
INSERT INTO public."AzureRegion" (region) VALUES('East US 2');
INSERT INTO public."AzureRegion" (region) VALUES('South Central US');
INSERT INTO public."AzureRegion" (region) VALUES('US Gov Virginia');
INSERT INTO public."AzureRegion" (region) VALUES('West US');
INSERT INTO public."AzureRegion" (region) VALUES('West US 2');
INSERT INTO public."AzureRegion" (region) VALUES('West US 3');
INSERT INTO public."AzureRegion" (region) VALUES('France Central');
INSERT INTO public."AzureRegion" (region) VALUES('Germany West Central');
INSERT INTO public."AzureRegion" (region) VALUES('North Europe');
INSERT INTO public."AzureRegion" (region) VALUES('Norway East');
INSERT INTO public."AzureRegion" (region) VALUES('UK South');
INSERT INTO public."AzureRegion" (region) VALUES('West Europe');
INSERT INTO public."AzureRegion" (region) VALUES('Sweden Central');
INSERT INTO public."AzureRegion" (region) VALUES('Switzerland North');
INSERT INTO public."AzureRegion" (region) VALUES('Qatar Central');
INSERT INTO public."AzureRegion" (region) VALUES('UAE North');
INSERT INTO public."AzureRegion" (region) VALUES('South Africa North');
INSERT INTO public."AzureRegion" (region) VALUES('Australia East');
INSERT INTO public."AzureRegion" (region) VALUES('Central India');
INSERT INTO public."AzureRegion" (region) VALUES('Japan East');
INSERT INTO public."AzureRegion" (region) VALUES('Korea Central');
INSERT INTO public."AzureRegion" (region) VALUES('Southeast Asia');
INSERT INTO public."AzureRegion" (region) VALUES('East Asia');
INSERT INTO public."AzureRegion" (region) VALUES('China North 3');

INSERT INTO public."AzureVirtualMachine" (operating_system, instance_serie, core, ram, price_per_hour, region, "storage") VALUES('Ubuntu', 'Standard_B1ms', 1, 2, 0.0207, 'East US', 4);
INSERT INTO public."AzureVirtualMachine" (operating_system, instance_serie, core, ram, price_per_hour, region, "storage") VALUES('Ubuntu', 'Standard_B2ms', 2, 8, 0.0832, 'East US', 16);
INSERT INTO public."AzureVirtualMachine" (operating_system, instance_serie, core, ram, price_per_hour, region, "storage") VALUES('Ubuntu', 'Standard_B4ms', 4, 16, 0.1660, 'East US', 32);
INSERT INTO public."AzureVirtualMachine" (operating_system, instance_serie, core, ram, price_per_hour, region, "storage") VALUES('Ubuntu', 'Standard_B8ms', 8, 32, 0.3330, 'East US', 64);
INSERT INTO public."AzureVirtualMachine" (operating_system, instance_serie, core, ram, price_per_hour, region, "storage") VALUES('Ubuntu', 'Standard_B12ms', 12, 48, 0.4990, 'East US', 96);
INSERT INTO public."AzureVirtualMachine" (operating_system, instance_serie, core, ram, price_per_hour, region, "storage") VALUES('Ubuntu', 'Standard_B16ms', 16, 64, 0.6660, 'East US', 128);
INSERT INTO public."AzureVirtualMachine" (operating_system, instance_serie, core, ram, price_per_hour, region, "storage") VALUES('Ubuntu', 'Standard_B20ms', 20, 80, 0.8320, 'East US', 160);

INSERT INTO public."AzureVirtualMachine" (operating_system, instance_serie, core, ram, price_per_hour, region, "storage") VALUES('Ubuntu', 'Standard_B1ms', 1, 2, 0.0250, 'Central US', 4);
INSERT INTO public."AzureVirtualMachine" (operating_system, instance_serie, core, ram, price_per_hour, region, "storage") VALUES('Ubuntu', 'Standard_B2ms', 2, 8, 0.0998, 'Central US', 16);
INSERT INTO public."AzureVirtualMachine" (operating_system, instance_serie, core, ram, price_per_hour, region, "storage") VALUES('Ubuntu', 'Standard_B4ms', 4, 16, 0.2000, 'Central US', 32);
INSERT INTO public."AzureVirtualMachine" (operating_system, instance_serie, core, ram, price_per_hour, region, "storage") VALUES('Ubuntu', 'Standard_B8ms', 8, 32, 0.3990, 'Central US', 64);
INSERT INTO public."AzureVirtualMachine" (operating_system, instance_serie, core, ram, price_per_hour, region, "storage") VALUES('Ubuntu', 'Standard_B12ms', 12, 48, 0.5990, 'Central US', 96);
INSERT INTO public."AzureVirtualMachine" (operating_system, instance_serie, core, ram, price_per_hour, region, "storage") VALUES('Ubuntu', 'Standard_B16ms', 16, 64, 0.7990, 'Central US', 128);
INSERT INTO public."AzureVirtualMachine" (operating_system, instance_serie, core, ram, price_per_hour, region, "storage") VALUES('Ubuntu', 'Standard_B20ms', 20, 80, 0.9980, 'Central US', 160);

INSERT INTO public."AzureVirtualMachine" (operating_system, instance_serie, core, ram, price_per_hour, region, "storage") VALUES('Ubuntu', 'Standard_B1ms', 1, 2, 0.0248, 'West US', 4);
INSERT INTO public."AzureVirtualMachine" (operating_system, instance_serie, core, ram, price_per_hour, region, "storage") VALUES('Ubuntu', 'Standard_B2ms', 2, 8, 0.0992, 'West US', 16);
INSERT INTO public."AzureVirtualMachine" (operating_system, instance_serie, core, ram, price_per_hour, region, "storage") VALUES('Ubuntu', 'Standard_B4ms', 4, 16, 0.1980, 'West US', 32);
INSERT INTO public."AzureVirtualMachine" (operating_system, instance_serie, core, ram, price_per_hour, region, "storage") VALUES('Ubuntu', 'Standard_B8ms', 8, 32, 0.3970, 'West US', 64);
INSERT INTO public."AzureVirtualMachine" (operating_system, instance_serie, core, ram, price_per_hour, region, "storage") VALUES('Ubuntu', 'Standard_B12ms', 12, 48, 0.5950, 'West US', 96);
INSERT INTO public."AzureVirtualMachine" (operating_system, instance_serie, core, ram, price_per_hour, region, "storage") VALUES('Ubuntu', 'Standard_B16ms', 16, 64, 0.7940, 'West US', 128);
INSERT INTO public."AzureVirtualMachine" (operating_system, instance_serie, core, ram, price_per_hour, region, "storage") VALUES('Ubuntu', 'Standard_B20ms', 20, 80, 0.9920, 'West US', 160);

INSERT INTO public."AwsRegion" (region) VALUES('us-east-2');
INSERT INTO public."AwsRegion" (region) VALUES('us-east-1');
INSERT INTO public."AwsRegion" (region) VALUES('us-west-1');
INSERT INTO public."AwsRegion" (region) VALUES('us-west-2');
INSERT INTO public."AwsRegion" (region) VALUES('af-south-1');
INSERT INTO public."AwsRegion" (region) VALUES('ap-east-1');
INSERT INTO public."AwsRegion" (region) VALUES('ap-southeast-3');
INSERT INTO public."AwsRegion" (region) VALUES('ap-south-1');
INSERT INTO public."AwsRegion" (region) VALUES('ap-northeast-3');
INSERT INTO public."AwsRegion" (region) VALUES('ap-northeast-2');
INSERT INTO public."AwsRegion" (region) VALUES('ap-southeast-1');
INSERT INTO public."AwsRegion" (region) VALUES('ap-southeast-2');
INSERT INTO public."AwsRegion" (region) VALUES('ap-northeast-1');
INSERT INTO public."AwsRegion" (region) VALUES('ca-central-1');
INSERT INTO public."AwsRegion" (region) VALUES('eu-central-1');
INSERT INTO public."AwsRegion" (region) VALUES('eu-west-1');
INSERT INTO public."AwsRegion" (region) VALUES('eu-west-2');
INSERT INTO public."AwsRegion" (region) VALUES('eu-south-1');
INSERT INTO public."AwsRegion" (region) VALUES('eu-west-3');
INSERT INTO public."AwsRegion" (region) VALUES('eu-north-1');
INSERT INTO public."AwsRegion" (region) VALUES('me-south-1');
INSERT INTO public."AwsRegion" (region) VALUES('sa-east-1');

INSERT INTO public."AwsElasticComputingCloud" (region, machine_image, instance_type, core, ram, price_per_hour) VALUES('ca-central-1', 'Ubuntu', 't2.nano', 1, 0.5, 0.0064);
INSERT INTO public."AwsElasticComputingCloud" (region, machine_image, instance_type, core, ram, price_per_hour) VALUES('ca-central-1', 'Ubuntu', 't2.micro',1 , 1, 0.0128);
INSERT INTO public."AwsElasticComputingCloud" (region, machine_image, instance_type, core, ram, price_per_hour) VALUES('ca-central-1', 'Ubuntu', 't2.small', 1, 2, 0.0256);
INSERT INTO public."AwsElasticComputingCloud" (region, machine_image, instance_type, core, ram, price_per_hour) VALUES('ca-central-1', 'Ubuntu', 't2.medium', 2, 4, 0.0512);
INSERT INTO public."AwsElasticComputingCloud" (region, machine_image, instance_type, core, ram, price_per_hour) VALUES('ca-central-1', 'Ubuntu', 't2.large', 2, 8, 0.1024);
INSERT INTO public."AwsElasticComputingCloud" (region, machine_image, instance_type, core, ram, price_per_hour) VALUES('ca-central-1', 'Ubuntu', 't2.xlarge', 4, 16, 0.2048);
INSERT INTO public."AwsElasticComputingCloud" (region, machine_image, instance_type, core, ram, price_per_hour) VALUES('ca-central-1', 'Ubuntu', 't2.2xlarge', 8, 32, 0.4096);

INSERT INTO public."AwsElasticComputingCloud" (region, machine_image, instance_type, core, ram, price_per_hour) VALUES('us-east-1', 'Ubuntu', 't2.nano', 1, 0.5, 0.0058);
INSERT INTO public."AwsElasticComputingCloud" (region, machine_image, instance_type, core, ram, price_per_hour) VALUES('us-east-1', 'Ubuntu', 't2.micro',1 , 1, 0.0116);
INSERT INTO public."AwsElasticComputingCloud" (region, machine_image, instance_type, core, ram, price_per_hour) VALUES('us-east-1', 'Ubuntu', 't2.small', 1, 2, 0.023);
INSERT INTO public."AwsElasticComputingCloud" (region, machine_image, instance_type, core, ram, price_per_hour) VALUES('us-east-1', 'Ubuntu', 't2.medium', 2, 4, 0.0464);
INSERT INTO public."AwsElasticComputingCloud" (region, machine_image, instance_type, core, ram, price_per_hour) VALUES('us-east-1', 'Ubuntu', 't2.large', 2, 8, 0.0928);
INSERT INTO public."AwsElasticComputingCloud" (region, machine_image, instance_type, core, ram, price_per_hour) VALUES('us-east-1', 'Ubuntu', 't2.xlarge', 4, 16, 0.1856);
INSERT INTO public."AwsElasticComputingCloud" (region, machine_image, instance_type, core, ram, price_per_hour) VALUES('us-east-1', 'Ubuntu', 't2.2xlarge', 8, 32, 0.3712);

INSERT INTO public."AwsElasticComputingCloud" (region, machine_image, instance_type, core, ram, price_per_hour) VALUES('us-west-1', 'Ubuntu', 't2.nano', 1, 0.5, 0.0069);
INSERT INTO public."AwsElasticComputingCloud" (region, machine_image, instance_type, core, ram, price_per_hour) VALUES('us-west-1', 'Ubuntu', 't2.micro',1 , 1, 0.0138);
INSERT INTO public."AwsElasticComputingCloud" (region, machine_image, instance_type, core, ram, price_per_hour) VALUES('us-west-1', 'Ubuntu', 't2.small', 1, 2, 0.0276);
INSERT INTO public."AwsElasticComputingCloud" (region, machine_image, instance_type, core, ram, price_per_hour) VALUES('us-west-1', 'Ubuntu', 't2.medium', 2, 4, 0.0552);
INSERT INTO public."AwsElasticComputingCloud" (region, machine_image, instance_type, core, ram, price_per_hour) VALUES('us-west-1', 'Ubuntu', 't2.large', 2, 8, 0.1104);
INSERT INTO public."AwsElasticComputingCloud" (region, machine_image, instance_type, core, ram, price_per_hour) VALUES('us-west-1', 'Ubuntu', 't2.xlarge', 4, 16, 0.2208);
INSERT INTO public."AwsElasticComputingCloud" (region, machine_image, instance_type, core, ram, price_per_hour) VALUES('us-west-1', 'Ubuntu', 't2.2xlarge', 8, 32, 0.4416);


INSERT INTO public."Country" ("name") VALUES('Gambia');
INSERT INTO public."Country" ("name") VALUES('Kosovo');
INSERT INTO public."Country" ("name") VALUES('Russian Federation');
INSERT INTO public."Country" ("name") VALUES('Senegal');
INSERT INTO public."Country" ("name") VALUES('Liberia');
INSERT INTO public."Country" ("name") VALUES('Spain');
INSERT INTO public."Country" ("name") VALUES('Qatar');
INSERT INTO public."Country" ("name") VALUES('Slovakia');
INSERT INTO public."Country" ("name") VALUES('Ukraine');
INSERT INTO public."Country" ("name") VALUES('Austria');
INSERT INTO public."Country" ("name") VALUES('Germany');
INSERT INTO public."Country" ("name") VALUES('United Kingdom');
INSERT INTO public."Country" ("name") VALUES('United States');

INSERT INTO public."AwsRelationalDatabase" (region, core, instance_type, price_per_gib, price_per_hour, ram) VALUES('us-west-1', 1, 'db.t2.micro', 0.138, 0.024, 1);
INSERT INTO public."AwsRelationalDatabase" (region, core, instance_type, price_per_gib, price_per_hour, ram) VALUES('us-west-1', 1, 'db.t2.small', 0.138, 0.048, 2);
INSERT INTO public."AwsRelationalDatabase" (region, core, instance_type, price_per_gib, price_per_hour, ram) VALUES('us-west-1', 2, 'db.t2.medium', 0.138, 0.095, 4);
INSERT INTO public."AwsRelationalDatabase" (region, core, instance_type, price_per_gib, price_per_hour, ram) VALUES('us-west-1', 2, 'db.t2.large', 0.138, 0.19, 8);
INSERT INTO public."AwsRelationalDatabase" (region, core, instance_type, price_per_gib, price_per_hour, ram) VALUES('us-west-1', 4, 'db.t2.xlarge', 0.138, 0.38, 16);
INSERT INTO public."AwsRelationalDatabase" (region, core, instance_type, price_per_gib, price_per_hour, ram) VALUES('us-west-1', 8, 'db.t2.2xlarge', 0.138, 0.76, 32);

INSERT INTO public."AwsRelationalDatabase" (region, core, instance_type, price_per_gib, price_per_hour, ram) VALUES('us-east-1', 1, 'db.t2.micro', 0.115, 0.018, 1);
INSERT INTO public."AwsRelationalDatabase" (region, core, instance_type, price_per_gib, price_per_hour, ram) VALUES('us-east-1', 1, 'db.t2.small', 0.115, 0.036, 2);
INSERT INTO public."AwsRelationalDatabase" (region, core, instance_type, price_per_gib, price_per_hour, ram) VALUES('us-east-1', 2, 'db.t2.medium', 0.115, 0.073, 4);
INSERT INTO public."AwsRelationalDatabase" (region, core, instance_type, price_per_gib, price_per_hour, ram) VALUES('us-east-1', 2, 'db.t2.large', 0.115, 0.145, 8);
INSERT INTO public."AwsRelationalDatabase" (region, core, instance_type, price_per_gib, price_per_hour, ram) VALUES('us-east-1', 4, 'db.t2.xlarge', 0.115, 0.29, 16);
INSERT INTO public."AwsRelationalDatabase" (region, core, instance_type, price_per_gib, price_per_hour, ram) VALUES('us-east-1', 8, 'db.t2.2xlarge', 0.115, 0.58, 32);

INSERT INTO public."AwsRelationalDatabase" (region, core, instance_type, price_per_gib, price_per_hour, ram) VALUES('eu-central-1', 1, 'db.t2.micro', 0.137, 0.025, 1);
INSERT INTO public."AwsRelationalDatabase" (region, core, instance_type, price_per_gib, price_per_hour, ram) VALUES('eu-central-1', 1, 'db.t2.small', 0.137, 0.045, 2);
INSERT INTO public."AwsRelationalDatabase" (region, core, instance_type, price_per_gib, price_per_hour, ram) VALUES('eu-central-1', 2, 'db.t2.medium', 0.137, 0.085, 4);
INSERT INTO public."AwsRelationalDatabase" (region, core, instance_type, price_per_gib, price_per_hour, ram) VALUES('eu-central-1', 2, 'db.t2.large', 0.137, 0.168, 8);
INSERT INTO public."AwsRelationalDatabase" (region, core, instance_type, price_per_gib, price_per_hour, ram) VALUES('eu-central-1', 4, 'db.t2.xlarge', 0.137, 0.336, 16);
INSERT INTO public."AwsRelationalDatabase" (region, core, instance_type, price_per_gib, price_per_hour, ram) VALUES('eu-central-1', 8, 'db.t2.2xlarge', 0.137, 0.672, 32);

INSERT INTO public."GcpCloudSql" (region, price_per_gib, price_per_cpu_hour, price_per_ram_hour) VALUES('us-central1', 0.17, 0.04, 0.01);
INSERT INTO public."GcpCloudSql" (region, price_per_gib, price_per_cpu_hour, price_per_ram_hour) VALUES('us-east1', 0.17, 0.04, 0.01);
INSERT INTO public."GcpCloudSql" (region, price_per_gib, price_per_cpu_hour, price_per_ram_hour) VALUES('europe-north1', 0.19, 0.05, 0.01);
INSERT INTO public."GcpCloudSql" (region, price_per_gib, price_per_cpu_hour, price_per_ram_hour) VALUES('southamerica-east1', 0.26, 0.06, 0.01);

INSERT INTO public."AzurePostgreSql" (region, instance_serie, core, ram, price_per_hour, price_per_gib) VALUES('Central US', 'Compute Gen 5', 2, 10, 0.211, 0.138);
INSERT INTO public."AzurePostgreSql" (region, instance_serie, core, ram, price_per_hour, price_per_gib) VALUES('Central US', 'Compute Gen 5', 4, 20, 0.421, 0.138);
INSERT INTO public."AzurePostgreSql" (region, instance_serie, core, ram, price_per_hour, price_per_gib) VALUES('Central US', 'Compute Gen 5', 8, 40, 0.841, 0.138);
INSERT INTO public."AzurePostgreSql" (region, instance_serie, core, ram, price_per_hour, price_per_gib) VALUES('Central US', 'Compute Gen 5', 16, 80, 1.682, 0.138);
INSERT INTO public."AzurePostgreSql" (region, instance_serie, core, ram, price_per_hour, price_per_gib) VALUES('Central US', 'Compute Gen 5', 32, 160, 3.364, 0.138);
INSERT INTO public."AzurePostgreSql" (region, instance_serie, core, ram, price_per_hour, price_per_gib) VALUES('Central US', 'Compute Gen 5', 64, 320, 6.727, 0.138);

INSERT INTO public."AzurePostgreSql" (region, instance_serie, core, ram, price_per_hour, price_per_gib) VALUES('East US', 'Compute Gen 5', 2, 10, 0.176, 0.115);
INSERT INTO public."AzurePostgreSql" (region, instance_serie, core, ram, price_per_hour, price_per_gib) VALUES('East US', 'Compute Gen 5', 4, 20, 0.351, 0.115);
INSERT INTO public."AzurePostgreSql" (region, instance_serie, core, ram, price_per_hour, price_per_gib) VALUES('East US', 'Compute Gen 5', 8, 40, 0.701, 0.115);
INSERT INTO public."AzurePostgreSql" (region, instance_serie, core, ram, price_per_hour, price_per_gib) VALUES('East US', 'Compute Gen 5', 16, 80, 1.402, 0.115);
INSERT INTO public."AzurePostgreSql" (region, instance_serie, core, ram, price_per_hour, price_per_gib) VALUES('East US', 'Compute Gen 5', 32, 160, 2.804, 0.115);
INSERT INTO public."AzurePostgreSql" (region, instance_serie, core, ram, price_per_hour, price_per_gib) VALUES('East US', 'Compute Gen 5', 64, 320, 5.607, 0.115);

INSERT INTO public."AzurePostgreSql" (region, instance_serie, core, ram, price_per_hour, price_per_gib) VALUES('West US', 'Compute Gen 5', 2, 10, 0.205, 0.138);
INSERT INTO public."AzurePostgreSql" (region, instance_serie, core, ram, price_per_hour, price_per_gib) VALUES('West US', 'Compute Gen 5', 4, 20, 0.410, 0.138);
INSERT INTO public."AzurePostgreSql" (region, instance_serie, core, ram, price_per_hour, price_per_gib) VALUES('West US', 'Compute Gen 5', 8, 40, 0.820, 0.138);
INSERT INTO public."AzurePostgreSql" (region, instance_serie, core, ram, price_per_hour, price_per_gib) VALUES('West US', 'Compute Gen 5', 16, 80, 1.639, 0.138);
INSERT INTO public."AzurePostgreSql" (region, instance_serie, core, ram, price_per_hour, price_per_gib) VALUES('West US', 'Compute Gen 5', 32, 160, 3.277, 0.138);
INSERT INTO public."AzurePostgreSql" (region, instance_serie, core, ram, price_per_hour, price_per_gib) VALUES('West US', 'Compute Gen 5', 64, 320, 6.554, 0.138);















